Votes,Title
6172,What does the “yield” keyword do in Python?
5472,How do I check if an element is hidden in jQuery?
5174,Why does HTML think “chucknorris” is a color?
5759,How to undo 'git add' before commit?
6274,How to redirect to another webpage in JavaScript/jQuery?
17432,Why is it faster to process a sorted array than an unsorted array?
5487,"What does “use strict” do in JavaScript, and what is the reasoning behind it?"
5846,What and where are the stack and heap?
6351,What is the “-->” operator in C++?
5865,How to check whether a string contains a substring in JavaScript?
7578,What is the difference between 'git pull' and 'git fetch'?
7319,How do JavaScript closures work?
3043,Does Python have a ternary conditional operator?
3054,How to clone all remote branches in Git?
3096,How to pair socks from a pile efficiently?
7687,"How to modify existing, unpushed commits?"
3274,How do I include a JavaScript file in another JavaScript file?
3295,What is the difference between “INNER JOIN” and “OUTER JOIN”?
3385,What is the maximum length of a URL in different browsers?
13548,How to undo last commit(s) in Git?
3457,PUT vs POST in REST
3148,"Which “href” value should I use for JavaScript links, “#” or “javascript:void(0)”?"
3554,How to disable text selection highlighting using CSS?
3563,What is the most efficient way to deep clone an object in JavaScript?
3466,How to resolve merge conflicts in Git?
3108,How do I check whether a file exists using Python?
3893,How to check out a remote Git branch?
3533,What is a metaclass in Python?
3904,What is a plain English explanation of “Big O” notation?
3669,How do I remove a property from a JavaScript object?
3200,How to check whether a checkbox is checked in jQuery?
4167,How to pass “Null” (a real surname!) to a SOAP web service in ActionScript 3?
4343,Can comments be used in JSON?
4261,The Definitive C++ Book Guide and List
4420,How to revert Git repository to a previous commit?
4474,Which equals operator (== vs ===) should be used in JavaScript comparisons?
4393,How to remove local (untracked) files from the current Git working tree?
4433,The definitive guide to form-based website authentication [closed]
4535,“Thinking in AngularJS” if I have a jQuery background? [closed]
4895,How do I rename a local Git branch?
5004,Why is subtracting these two times (in 1927) giving a strange result?
7716,What is the correct JSON content type?
4155,What is the difference between String and string in C#?
4090,How to remove a particular element from an array in JavaScript?
4114,Is Java “pass-by-reference” or “pass-by-value”?
3657,How do I force “git pull” to overwrite local files?
4240,"What is the difference between “px”, “dp”, “dip” and “sp” on Android?"
4906,var functionName = function() {} vs function functionName() {}
3178,Getting the source directory of a Bash script from within
9916,How to delete a Git branch both locally and remotely?
